{
  "rows_after_dedup": 801838,
  "claim_rate": 0.07495778449013392,
  "class_counts": {
    "0": 741734,
    "1": 60104
  },
  "train_rows": 641470,
  "test_rows": 160368,
  "train_claim_rate": 0.07495751944751898,
  "test_claim_rate": 0.07495884465728823
}