{
  "baseline": {
    "accuracy": 0.72823174996796,
    "precision": 0.20304768734313375,
    "recall": 0.6600562798674593,
    "f1": 0.310560271380838,
    "threshold": 0.6153937578201294,
    "n_positive": 195230,
    "n_total": 647629
  },
  "top_x_results": [
    {
      "accuracy": 0.8592295897805688,
      "precision": 0.2598128532163923,
      "recall": 0.2801671745175417,
      "f1": 0.26960639005279646,
      "top_pct": 0.1,
      "k": 64762,
      "coverage": 0.09999861031547383
    },
    {
      "accuracy": 0.8292587268328009,
      "precision": 0.2399736473688545,
      "recall": 0.3881645769851974,
      "f1": 0.2965884440938671,
      "top_pct": 0.15,
      "k": 97144,
      "coverage": 0.1499994595671287
    },
    {
      "accuracy": 0.7979213407676309,
      "precision": 0.22663578459756803,
      "recall": 0.4887856536290524,
      "f1": 0.30968129885748646,
      "top_pct": 0.2,
      "k": 129525,
      "coverage": 0.19999876472486564
    }
  ]
}