{
  "best_model": "xgboost_tuned",
  "best_params": {
    "objective": "binary:logistic",
    "base_score": null,
    "booster": null,
    "callbacks": null,
    "colsample_bylevel": null,
    "colsample_bynode": null,
    "colsample_bytree": 0.8,
    "device": null,
    "early_stopping_rounds": null,
    "enable_categorical": false,
    "eval_metric": "aucpr",
    "feature_types": null,
    "feature_weights": null,
    "gamma": 0.0,
    "grow_policy": null,
    "importance_type": null,
    "interaction_constraints": null,
    "learning_rate": 0.03,
    "max_bin": null,
    "max_cat_threshold": null,
    "max_cat_to_onehot": null,
    "max_delta_step": null,
    "max_depth": 4,
    "max_leaves": null,
    "min_child_weight": 5,
    "missing": NaN,
    "monotone_constraints": null,
    "multi_strategy": null,
    "n_estimators": 200,
    "n_jobs": -1,
    "num_parallel_tree": null,
    "random_state": 42,
    "reg_alpha": null,
    "reg_lambda": 5.0,
    "sampling_method": null,
    "scale_pos_weight": 12.340744858254586,
    "subsample": 0.8,
    "tree_method": "hist",
    "validate_parameters": null,
    "verbosity": null
  },
  "target_min_recall": 0.75,
  "selected_threshold": 0.6153937578201294,
  "holdout": {
    "threshold": 0.6153937578201294,
    "accuracy": 0.725444866847111,
    "precision": 0.16728412049876157,
    "recall": 0.6573496381332667,
    "f1": 0.2666981673360559,
    "roc_auc": 0.777798844304078,
    "pr_auc": 0.1943789560324307,
    "confusion_matrix": [
      [
        109012,
        39335
      ],
      [
        4119,
        7902
      ]
    ]
  },
  "cv_pr_auc_mean": 0.19261713935897007,
  "cv_pr_auc_std": 0.015349920829667242,
  "cv_threshold_metrics": [
    {
      "threshold": 0.58,
      "accuracy": 0.6873333333333334,
      "precision": 0.155812831644959,
      "recall": 0.7193763919821826,
      "f1": 0.25614591593973035,
      "roc_auc": 0.7698831527375833,
      "pr_auc": 0.19095809134522765,
      "confusion_matrix": [
        [
          3801,
          1750
        ],
        [
          126,
          323
        ]
      ]
    },
    {
      "threshold": 0.58,
      "accuracy": 0.7001666666666667,
      "precision": 0.1563932755985736,
      "recall": 0.6822222222222222,
      "f1": 0.25445503522585994,
      "roc_auc": 0.769631031031031,
      "pr_auc": 0.17595413459160547,
      "confusion_matrix": [
        [
          3894,
          1656
        ],
        [
          143,
          307
        ]
      ]
    },
    {
      "threshold": 0.58,
      "accuracy": 0.7013333333333334,
      "precision": 0.1617943548387097,
      "recall": 0.7133333333333334,
      "f1": 0.2637633525061627,
      "roc_auc": 0.7826174174174174,
      "pr_auc": 0.17975569134006045,
      "confusion_matrix": [
        [
          3887,
          1663
        ],
        [
          129,
          321
        ]
      ]
    },
    {
      "threshold": 0.58,
      "accuracy": 0.691,
      "precision": 0.1575609756097561,
      "recall": 0.7177777777777777,
      "f1": 0.2584,
      "roc_auc": 0.7794832832832834,
      "pr_auc": 0.19711677605191819,
      "confusion_matrix": [
        [
          3823,
          1727
        ],
        [
          127,
          323
        ]
      ]
    },
    {
      "threshold": 0.58,
      "accuracy": 0.6915,
      "precision": 0.16338298894762135,
      "recall": 0.7555555555555555,
      "f1": 0.2686685104701699,
      "roc_auc": 0.7917253253253254,
      "pr_auc": 0.21930100346603867,
      "confusion_matrix": [
        [
          3809,
          1741
        ],
        [
          110,
          340
        ]
      ]
    }
  ],
  "rows_train": 641470,
  "rows_test": 160368,
  "claim_rate_train": 0.07495751944751898,
  "claim_rate_test": 0.07495884465728823
}